{
	"credit": "Made with Blockbench",
	"parent": "minecraft:block/cube_column",
	"textures": {
		"0": "block/gold_block",
		"particle": "block/gold_block"
	},
	"elements": [
		{
			"name": "handle_top",
			"from": [0, 4, 7],
			"to": [2, 12, 9],
			"rotation": {"angle": 45, "axis": "y", "origin": [8, 8, 8]},
			"faces": {
				"north": {"uv": [1, 1, 3, 9], "rotation": 180, "texture": "#0"},
				"east": {"uv": [5, 1, 13, 3], "rotation": 90, "texture": "#0"},
				"south": {"uv": [1, 2, 3, 10], "texture": "#0"},
				"west": {"uv": [5, 1, 13, 3], "rotation": 270, "texture": "#0"},
				"up": {"uv": [6, 7, 8, 9], "texture": "#0"},
				"down": {"uv": [6, 7, 8, 9], "rotation": 180, "texture": "#0"}
			}
		},
		{
			"name": "handle_bottom",
			"from": [7, 4, 7],
			"to": [9, 12, 9],
			"rotation": {"angle": 45, "axis": "y", "origin": [8, 8, 8]},
			"faces": {
				"north": {"uv": [2, 1, 4, 9], "rotation": 180, "texture": "#0"},
				"east": {"uv": [2, 2, 4, 10], "texture": "#0"},
				"south": {"uv": [2, 2, 4, 10], "texture": "#0"},
				"west": {"uv": [7, 1, 15, 3], "rotation": 270, "texture": "#0"},
				"up": {"uv": [6, 3, 8, 5], "texture": "#0"},
				"down": {"uv": [8, 5, 10, 7], "rotation": 180, "texture": "#0"}
			}
		},
		{
			"name": "handle_right",
			"from": [2, 2, 7],
			"to": [7, 6, 9],
			"rotation": {"angle": 45, "axis": "y", "origin": [8, 8, 8]},
			"faces": {
				"north": {"uv": [2, 1, 7, 5], "rotation": 180, "texture": "#0"},
				"east": {"uv": [2, 6, 6, 8], "rotation": 90, "texture": "#0"},
				"south": {"uv": [1, 2, 5, 7], "rotation": 270, "texture": "#0"},
				"west": {"uv": [2, 6, 6, 8], "rotation": 270, "texture": "#0"},
				"up": {"uv": [2, 6, 7, 8], "texture": "#0"},
				"down": {"uv": [2, 6, 7, 8], "rotation": 180, "texture": "#0"}
			}
		},
		{
			"name": "handle_left",
			"from": [2, 10, 7],
			"to": [7, 14, 9],
			"rotation": {"angle": 45, "axis": "y", "origin": [8, 8, 8]},
			"faces": {
				"north": {"uv": [9, 1, 14, 5], "texture": "#0"},
				"east": {"uv": [2, 7, 6, 9], "rotation": 90, "texture": "#0"},
				"south": {"uv": [9, 1, 14, 5], "rotation": 180, "texture": "#0"},
				"west": {"uv": [2, 7, 6, 9], "rotation": 270, "texture": "#0"},
				"up": {"uv": [2, 7, 7, 9], "texture": "#0"},
				"down": {"uv": [2, 7, 7, 9], "rotation": 180, "texture": "#0"}
			}
		},
		{
			"name": "rod",
			"from": [9, 6, 7],
			"to": [16, 10, 9],
			"rotation": {"angle": 45, "axis": "y", "origin": [8, 8, 8]},
			"faces": {
				"north": {"uv": [0, 6, 7, 10], "rotation": 180, "texture": "#0"},
				"east": {"uv": [2, 2, 6, 4], "rotation": 90, "texture": "#0"},
				"south": {"uv": [0, 6, 7, 10], "texture": "#0"},
				"west": {"uv": [6, 2, 10, 4], "rotation": 270, "texture": "#0"},
				"up": {"uv": [0, 7, 7, 9], "texture": "#0"},
				"down": {"uv": [0, 7, 7, 9], "rotation": 180, "texture": "#0"}
			}
		},
		{
			"name": "dip",
			"from": [12, 4, 8],
			"to": [16, 6, 9],
			"rotation": {"angle": 45, "axis": "y", "origin": [8, 8, 8]},
			"faces": {
				"north": {"uv": [5, 13, 9, 15], "rotation": 180, "texture": "#0"},
				"east": {"uv": [5, 13, 7, 14], "rotation": 90, "texture": "#0"},
				"south": {"uv": [5, 13, 9, 15], "texture": "#0"},
				"west": {"uv": [5, 13, 7, 14], "rotation": 270, "texture": "#0"},
				"up": {"uv": [5, 13, 9, 14], "texture": "#0"},
				"down": {"uv": [5, 13, 9, 14], "rotation": 180, "texture": "#0"}
			}
		},
		{
			"name": "dip2",
			"from": [12, 2, 7],
			"to": [16, 4, 9],
			"rotation": {"angle": 45, "axis": "y", "origin": [8, 8, 8]},
			"faces": {
				"north": {"uv": [1, 1, 5, 3], "rotation": 180, "texture": "#0"},
				"east": {"uv": [2, 2, 4, 4], "rotation": 90, "texture": "#0"},
				"south": {"uv": [1, 2, 5, 4], "texture": "#0"},
				"west": {"uv": [2, 2, 4, 4], "rotation": 270, "texture": "#0"},
				"up": {"uv": [1, 1, 5, 3], "texture": "#0"},
				"down": {"uv": [2, 2, 6, 4], "rotation": 180, "texture": "#0"}
			}
		}
	],
	"groups": [
		{
			"name": "key",
			"origin": [0, 0, 0],
			"color": 1,
			"children": [0, 1, 2, 3, 4, 5, 6]
		},
		{
			"name": "lodestone",
			"origin": [8, 8, 8],
			"color": 0,
			"children": []
		}
	]
}